{
    "currentVersionInfo": {
        "version": "5.2.4",
        "hasShownChangelog": true
    },
    "settings": {
        "emojiSize": 64,
        "screenSharing": true,
        "emojiBypass": true,
        "ghostMode": true,
        "emojiBypassForValidEmoji": true,
        "PNGemote": true,
        "uploadEmotes": true,
        "uploadStickers": true,
        "CustomFPSEnabled": false,
        "CustomFPS": 75,
        "ResolutionEnabled": false,
        "CustomResolution": 0,
        "CustomBitrateEnabled": false,
        "minBitrate": -1,
        "maxBitrate": -1,
        "targetBitrate": -1,
        "voiceBitrate": 128,
        "ResolutionSwapper": false,
        "stickerBypass": false,
        "profileV2": true,
        "forceStickersUnlocked": true,
        "changePremiumType": true,
        "videoCodec": 0,
        "clientThemes": true,
        "lastGradientSettingStore": -1,
        "fakeProfileThemes": true,
        "removeScreenshareUpsell": true,
        "fakeProfileBanners": true,
        "fakeAvatarDecorations": true,
        "unlockAppIcons": false,
        "profileEffects": true,
        "killProfileEffects": false,
        "avatarDecorations": [
            "a_98555e40cc6802bd3a4fed906af1d992",
            "a_c45abe8c7585fdb41b8d8d4d666f1588",
            "a_a87e3efa4de2956331831681231ce63b",
            "a_09de63526a45be1ddac70e84718ee04a",
            "a_904b1989077c91fca1168d39bfcaa0a4",
            "a_27bbf0b53b1054cf61e9a4c0e8d4027f",
            "a_629689577fa1da2ef0061a5a8c930de1",
            "a_0c0eeb351ae2cf48c6e1eee2cae49d40",
            "a_9867b1ba56601e745cfe741e6b00b835",
            "a_4cd9ae5a8d103c219eacd3674d7730cd",
            "a_ab95c78401ce4ec85c25a6d308db9d85",
            "a_c3cffc19e9784f7d0b005eecdf1b566e",
            "a_f3af281c65cf0cf590e9e1f59e9c6cf6",
            "a_3e1fc3c7ee2e34e8176f4737427e8f4f",
            "a_51d3bb502109eec26c76386ec980bc8b",
            "a_a0db4314b8cc271c8f472357aa895005",
            "a_4cc97277177b166fd7d4af3bdb370815",
            "a_c7e1751e8122f1b475cb3006966fb28c",
            "a_c3c09bd122898be35093d0d59850f627",
            "a_55c9d0354290afa8b7fe47ea9bd7dbcf",
            "a_d72066b8cecbadd9fc951913ebcc384f",
            "a_8ffa2ba9bff18e96b76c2e66fd0d7fa3",
            "a_b98e8b204d59882fb7f9f7c86922c0bf",
            "a_3c97a2d37f433a7913a1c7b7a735d000",
            "a_a065206df7b011a5510e4e5bca7d49be",
            "a_250640ab00a8837a1d56f35879138177",
            "a_554b7c34f7b6c709f19535aacb128e7b",
            "a_fa014594d4b2b4249e1098c0adc85b47",
            "a_365eed4178528fe8293c4212e8e2d5cb",
            "a_82e4df4028396ad5ccaaafb397fa6248",
            "a_e90ebc0114e7bdc30353c8b11953ea41",
            "a_c6b3bc1dc49e5b284dca0b6437831004",
            "a_cc83efd93ecd6e41857449c3c0ef9b22",
            "a_172fa9da0af8698e37f5e5de76637439",
            "a_0f5d6c4dd8ae74662ee9c40722a56cbd",
            "a_1dbc603c181999b9815cb426dfec71a6",
            "a_fe3c76cac2adf426832a7e495e8329d3",
            "a_db9baf0ba7cf449d2b027c06309dbe8d",
            "a_d650e22f6c4bab4fc0969e9d35edbcb0",
            "a_29a0533cb3de61aa8179810188f3830d",
            "a_9d67a1cbf81fe7197c871e94f619b04b",
            "a_4c9f2ec29c05755456dbce45d8190ed4",
            "a_d3da36040163ee0f9176dfe7ced45cdc",
            "a_fed43ab12698df65902ba06727e20c0e",
            "a_10b9f886b513b77ccdd67c8784f1a496"
        ],
        "customPFPs": true,
        "experiments": false,
        "userPfpIntegration": true,
        "userBgIntegration": true
    }
}